rnn_type,optimizer,learning_rate,momentum,activation,dropout,batch_norm,rnn_units,train_acc,val_acc,train_loss,val_loss,epochs,time_sec
BiGRU,adam,0.001,,tanh,0.3333,True,64,0.7904781103134155,0.7709886431694031,0.4307747483253479,0.6093523502349854,10,38.02879142761231
BiGRU,adamw,0.001,,tanh,0.2,True,256,0.8478119969367981,0.769692063331604,0.2759469151496887,0.6661182641983032,12,49.6777937412262
BiGRU,adamw,0.001,,selu,0.2,True,128,0.8439627289772034,0.7680712938308716,0.2792034447193146,0.7126868367195129,13,49.423048973083496
BiGRU,adam,0.001,,tanh,0.2,True,256,0.8515802025794983,0.767747163772583,0.2818683981895447,0.6640325784683228,13,52.65958786010742
BiGRU,adamw,0.001,,selu,0.3333,True,64,0.8025527000427246,0.7649918794631958,0.3686435222625732,0.6624706387519836,13,46.51011395454407
BiGRU,adam,0.001,,relu,0.2,True,64,0.8390194773674011,0.7589951157569885,0.2727983295917511,0.713423490524292,15,51.65145897865296
BiGRU,adamw,0.001,,selu,0.2,True,64,0.807131290435791,0.7586709856987,0.3662280738353729,0.6487751603126526,9,37.75087213516235
BiGRU,adam,0.001,,relu,0.2,True,256,0.7860615849494934,0.7583468556404114,0.4408062696456909,0.6442873477935791,8,38.32817363739014
BiGRU,adam,0.001,,tanh,0.2,True,64,0.8257293105125427,0.7572123408317566,0.3256937265396118,0.6585453748703003,10,39.7019829750061
BiGRU,adamw,0.001,,tanh,0.3333,True,64,0.815032422542572,0.7557536363601685,0.3400766551494598,0.6825973987579346,16,52.59554123878479
BiGRU,sgd,0.001,0.95,relu,0.2,True,128,0.7797001600265503,0.7555915713310242,0.4485353231430053,0.6129347681999207,13,45.74932503700256
BiGRU,adamw,0.001,,relu,0.2,True,256,0.8188411593437195,0.7521880269050598,0.3482771515846252,0.6852604150772095,11,47.30367183685303
BiGRU,adamw,0.001,,selu,0.3333,True,128,0.7962722778320312,0.751053512096405,0.4039989709854126,0.6732826828956604,10,40.816022872924805
BiGRU,adamw,0.001,,selu,0.2,True,256,0.8397487998008728,0.7504051923751831,0.2975594699382782,0.7494736313819885,11,47.3302845954895
BiGRU,adamw,0.001,,relu,0.3333,True,128,0.8132495880126953,0.7487844228744507,0.3536728024482727,0.6506427526473999,16,56.77818036079407
BiGRU,sgd,0.001,0.95,selu,0.3333,True,64,0.7314019203186035,0.747163712978363,0.6514853835105896,0.6191758513450623,13,43.30789017677307
BiGRU,adam,0.001,,tanh,0.2,True,128,0.8279173374176025,0.7468395233154297,0.3381350934505462,0.6740651726722717,10,40.85349154472351
BiGRU,adamw,0.001,,tanh,0.2,True,128,0.830834686756134,0.7460291981697083,0.3054091334342956,0.6777217984199524,11,43.28765749931336
BiGRU,sgd,0.001,0.95,tanh,0.2,True,128,0.8123582005500793,0.745218813419342,0.335179716348648,0.6612465977668762,21,65.24321627616882
BiGRU,adamw,0.001,,tanh,0.3333,True,128,0.7869935035705566,0.7445704936981201,0.4377817213535309,0.6460888385772705,9,38.484466552734375
BiGRU,adam,0.001,,relu,0.3333,True,64,0.7880875468254089,0.7427876591682434,0.4090746641159057,0.6814478635787964,12,43.636221408844
BiGRU,sgd,0.001,0.95,tanh,0.2,True,256,0.7623581886291504,0.7426255941390991,0.5238445401191711,0.6495627760887146,11,46.43261384963989
BiGRU,adamw,0.001,,relu,0.2,True,64,0.8132901191711426,0.7423014640808105,0.3378247022628784,0.7012320160865784,11,40.9814522266388
BiGRU,adamw,0.001,,relu,0.2,True,128,0.8346028923988342,0.7395461797714233,0.2851732969284057,0.7472949624061584,12,44.90737867355347
BiGRU,adamw,0.001,,relu,0.3333,True,64,0.773703396320343,0.7388979196548462,0.4720775187015533,0.6671639680862427,9,37.17916488647461
BiGRU,adam,0.001,,relu,0.3333,True,256,0.8005672693252563,0.7364667654037476,0.3758709132671356,0.6794517636299133,12,50.41701650619507
BiGRU,adam,0.001,,relu,0.3333,True,128,0.7776337265968323,0.736142635345459,0.445912629365921,0.6523689031600952,9,36.99859237670898
BiGRU,adamw,0.001,,tanh,0.3333,True,256,0.7880470156669617,0.7354943156242371,0.4463118016719818,0.6548296809196472,9,41.9720344543457
BiGRU,sgd,0.001,0.95,relu,0.3333,True,64,0.751053512096405,0.7338736057281494,0.5188667178153992,0.6675673723220825,20,59.52296853065491
BiGRU,sgd,0.001,0.95,tanh,0.3333,True,256,0.7866693735122681,0.7275526523590088,0.4101393818855285,0.7003638744354248,24,81.53790283203125
BiGRU,sgd,0.001,0.95,relu,0.3333,True,256,0.7536466717720032,0.7270664572715759,0.5228895545005798,0.6778183579444885,15,57.41873383522034
BiGRU,sgd,0.001,0.95,tanh,0.3333,True,128,0.7509724497795105,0.7257698774337769,0.564967691898346,0.6705490946769714,15,51.39203357696533
BiGRU,sgd,0.001,0.95,relu,0.2,True,64,0.7681928873062134,0.7251215577125549,0.4607761800289154,0.7110186219215393,16,49.41498398780823
BiGRU,sgd,0.001,0.95,tanh,0.3333,True,64,0.7472852468490601,0.7231766581535339,0.5684061646461487,0.6730984449386597,17,53.56124877929688
BiGRU,adam,0.001,,relu,0.2,True,128,0.8145056962966919,0.722528338432312,0.3486645519733429,0.7447025179862976,10,40.49518322944641
BiGRU,sgd,0.001,0.95,selu,0.3333,True,256,0.7613857388496399,0.7139384150505066,0.4951447546482086,0.7336368560791016,18,66.42366671562195
BiGRU,adamw,0.001,,relu,0.3333,True,256,0.8047406673431396,0.7105348706245422,0.3801532983779907,0.7419827580451965,12,50.00647449493408
BiGRU,adamw,0.001,,selu,0.3333,True,256,0.7879254221916199,0.7069692015647888,0.4258553683757782,0.7090622186660767,9,42.04346013069153
BiGRU,sgd,0.001,0.95,tanh,0.2,True,64,0.7789303064346313,0.705834686756134,0.43624347448349,0.7600268721580505,17,54.08602142333984
BiGRU,sgd,0.001,0.95,selu,0.3333,True,128,0.7535656690597534,0.704538106918335,0.5240435600280762,0.7475975155830383,18,59.01641893386841
BiGRU,adamw,0.001,,tanh,0.2,True,64,0.8235008120536804,0.7014586925506592,0.3355697095394134,0.808988630771637,11,42.91708588600159
BiGRU,sgd,0.001,0.95,relu,0.2,True,256,0.7657617330551147,0.7008103728294373,0.4959832429885864,0.7477606534957886,10,42.97872972488403
BiGRU,sgd,0.001,0.95,relu,0.3333,True,128,0.7644651532173157,0.6964343786239624,0.4559114873409271,0.733910858631134,21,65.88122296333313
BiGRU,sgd,0.001,0.95,selu,0.2,True,256,0.7949351668357849,0.6821718215942383,0.3878387808799743,0.8139001131057739,16,59.12051296234131
BiGRU,sgd,0.001,0.95,selu,0.2,True,128,0.7778767943382263,0.6627228260040283,0.4358602166175842,0.8519022464752197,15,50.36072778701782
BiGRU,sgd,0.001,0.95,selu,0.2,True,64,0.7635332345962524,0.6495948433876038,0.5020508170127869,0.8704516291618347,14,45.99674010276794
